,movie,year,time_minute,imdb_rating,metascore,vote,gross_earning
0,Joker,2019,122,8.5,59.0,808270,335.45
1,Parasite,2019,132,8.6,96.0,426750,53.37
2,Knives Out,2019,130,7.9,82.0,319809,165.36
3,Once Upon a Time... in Hollywood,2019,161,7.7,83.0,478002,142.5
4,The Gentlemen,2019,113,7.9,51.0,146955,
5,1917,2019,119,8.3,78.0,326813,159.23
6,Avengers: Endgame,2019,181,8.4,78.0,727950,858.37
7,The Help,2011,146,8.1,62.0,413849,169.71
8,The Lord of the Rings: The Fellowship of the Ring,2001,178,8.8,92.0,1603324,315.54
9,Jojo Rabbit,2019,108,7.9,58.0,225744,0.35
10,The Shawshank Redemption,1994,142,9.3,80.0,2250445,28.34
11,Back to the Future,1985,116,8.5,87.0,1009040,210.61
12,Inception,2010,148,8.8,74.0,1973260,292.58
13,The Godfather,1972,175,9.2,100.0,1552927,134.97
14,Interstellar,2014,169,8.6,74.0,1423955,188.02
15,Harry Potter and the Sorcerer's Stone,2001,152,7.6,64.0,615921,317.58
16,Little Women,2019,135,7.9,91.0,109304,108.1
17,The Wolf of Wall Street,2013,180,8.2,75.0,1121777,116.9
18,The Dark Knight,2008,152,9.0,84.0,2218163,534.86
19,Thor: Ragnarok,2017,130,7.9,74.0,554576,315.06
20,The Silence of the Lambs,1991,118,8.6,85.0,1218594,130.74
21,Pulp Fiction,1994,154,8.9,94.0,1761864,107.93
22,Django Unchained,2012,165,8.4,81.0,1302022,162.81
23,The Lighthouse,2019,109,7.6,83.0,107984,0.43
24,Titanic,1997,194,7.8,75.0,1014789,659.33
25,The Matrix,1999,136,8.7,73.0,1614258,171.48
26,Mad Max: Fury Road,2015,120,8.1,90.0,844695,154.06
27,Inglourious Basterds,2009,153,8.3,69.0,1214818,120.54
28,Do the Right Thing,1989,120,7.9,92.0,82777,27.55
29,Ford v Ferrari,2019,152,8.1,81.0,222799,117.62
30,The Irishman,2019,209,7.9,94.0,294013,
31,Se7en,1995,127,8.6,65.0,1385281,100.13
32,V for Vendetta,2005,132,8.2,62.0,999697,70.51
33,Indiana Jones and the Last Crusade,1989,127,8.2,65.0,670271,197.17
34,Avengers: Infinity War,2018,149,8.5,68.0,780115,678.82
35,Blade Runner 2049,2017,164,8.0,81.0,432623,92.05
36,No Country for Old Men,2007,122,8.1,91.0,819747,74.28
37,Shutter Island,2010,138,8.1,63.0,1082303,128.01
38,Jurassic Park,1993,127,8.1,68.0,833406,402.45
39,The Departed,2006,151,8.5,85.0,1146894,132.38
40,The Dark Knight Rises,2012,164,8.4,78.0,1466331,448.14
41,Forrest Gump,1994,142,8.8,82.0,1735031,330.25
42,Gone Girl,2014,149,8.1,79.0,822153,167.77
43,The Social Network,2010,120,7.7,95.0,602011,96.96
44,Fight Club,1999,139,8.8,66.0,1789160,37.03
45,The Goonies,1985,114,7.8,62.0,233595,61.5
46,Alien,1979,117,8.4,89.0,759651,78.9
47,The Prestige,2006,130,8.5,66.0,1140083,53.09
48,The Lord of the Rings: The Return of the King,2003,201,8.9,94.0,1589297,377.85
49,Guardians of the Galaxy,2014,121,8.0,76.0,1014963,333.18
50,Call Me by Your Name,2017,132,7.9,93.0,193288,18.1
51,Mission: Impossible - Fallout,2018,147,7.7,86.0,274343,220.16
52,Green Book,2018,130,8.2,69.0,327524,85.08
53,Avatar,2009,162,7.8,83.0,1094198,760.51
54,Harry Potter and the Deathly Hallows: Part 2,2011,130,8.1,85.0,735217,381.01
55,The Green Mile,1999,189,8.6,61.0,1097318,136.8
56,Saving Private Ryan,1998,169,8.6,91.0,1190141,216.54
57,Jaws,1975,124,8.0,87.0,530205,260.0
58,Pirates of the Caribbean: The Curse of the Black Pearl,2003,143,8.0,63.0,995612,305.41
59,Goodfellas,1990,146,8.7,90.0,979080,46.84
60,Schindler's List,1993,195,8.9,94.0,1169403,96.9
61,Gladiator,2000,155,8.5,67.0,1293620,187.71
62,Dunkirk,2017,106,7.9,94.0,520446,188.37
63,Léon: The Professional,1994,110,8.5,64.0,996068,19.5
64,The Princess Bride,1987,98,8.1,77.0,380674,30.86
65,The Shining,1980,146,8.4,66.0,856706,44.02
66,Get Out,2017,104,7.7,85.0,462747,176.04
67,Captain America: Civil War,2016,147,7.8,75.0,636373,408.08
68,Bohemian Rhapsody,2018,134,8.0,49.0,426012,216.43
69,Apocalypto,2006,139,7.8,68.0,283235,50.87
70,Raiders of the Lost Ark,1981,115,8.4,85.0,856997,248.16
71,Wind River,2017,107,7.7,73.0,191703,33.8
72,Portrait of a Lady on Fire,2019,122,8.1,95.0,40840,
73,Prisoners,2013,153,8.1,70.0,572458,61.0
74,Some Like It Hot,1959,121,8.2,98.0,235428,25.0
75,Spider-Man: Into the Spider-Verse,2018,117,8.4,87.0,321952,190.24
76,The Breakfast Club,1985,97,7.9,66.0,342324,45.88
77,"The Good, the Bad and the Ugly",1966,178,8.8,90.0,664640,6.1
78,Taxi Driver,1976,114,8.3,94.0,693822,28.26
79,Harry Potter and the Goblet of Fire,2005,157,7.7,81.0,524135,290.01
80,Whiplash,2014,106,8.5,88.0,679822,13.09
81,Apocalypse Now,1979,147,8.4,94.0,583874,83.47
82,Spirited Away,2001,125,8.6,96.0,614852,10.06
83,The Lord of the Rings: The Two Towers,2002,179,8.7,87.0,1435890,342.55
84,Batman Begins,2005,140,8.2,70.0,1265399,206.85
85,Up,2009,96,8.2,88.0,902226,293.0
86,Requiem for a Dream,2000,102,8.3,68.0,741204,3.64
87,A Clockwork Orange,1971,136,8.3,80.0,732813,6.21
88,The Usual Suspects,1995,106,8.5,77.0,958925,23.34
89,Deadpool 2,2018,119,7.7,66.0,453152,324.59
90,American History X,1998,119,8.5,62.0,1004838,6.72
91,The Godfather: Part II,1974,202,9.0,90.0,1085348,57.3
92,Star Wars: Episode IV - A New Hope,1977,121,8.6,90.0,1194033,322.74
93,The Hobbit: An Unexpected Journey,2012,169,7.8,58.0,742075,303.0
94,Tombstone,1993,130,7.8,50.0,121560,56.51
95,Hacksaw Ridge,2016,139,8.1,71.0,410584,67.21
96,Unforgiven,1992,130,8.2,85.0,362717,101.16
97,Back to the Future Part II,1989,108,7.8,57.0,460190,118.5
98,Zodiac,2007,157,7.7,78.0,433919,33.08
99,Harry Potter and the Prisoner of Azkaban,2004,142,7.9,82.0,526438,249.36
100,Heat,1995,170,8.2,76.0,555913,67.44
101,Guardians of the Galaxy Vol. 2,2017,136,7.6,67.0,541908,389.81
102,What We Do in the Shadows,2014,86,7.7,76.0,146695,3.33
103,Hidden Figures,2016,127,7.8,74.0,189858,169.61
104,Moana,2016,107,7.6,81.0,254482,248.76
105,Psycho,1960,109,8.5,97.0,578278,32.0
106,The Curious Case of Benjamin Button,2008,166,7.8,70.0,570370,127.51
107,The Revenant,2015,156,8.0,76.0,676428,183.64
108,Memento,2000,113,8.4,80.0,1087118,25.54
109,Inside Man,2006,129,7.6,76.0,327661,88.51
110,The Martian,2015,144,8.0,80.0,732376,228.43
111,Casino,1995,178,8.2,73.0,446093,42.44
112,12 Years a Slave,2013,134,8.1,96.0,617248,56.67
113,Toy Story 4,2019,100,7.8,84.0,181985,434.04
114,Blade Runner,1982,117,8.1,84.0,670771,32.87
115,Watchmen,2009,162,7.6,56.0,486162,107.51
116,The Avengers,2012,143,8.0,69.0,1233827,623.28
117,Marriage Story,2019,137,8.0,94.0,216408,
118,The Notebook,2004,123,7.8,53.0,502376,81.0
119,Stand by Me,1986,89,8.1,75.0,351475,52.29
120,The Hateful Eight,2015,168,7.8,68.0,491385,54.12
121,Her,2013,126,8.0,90.0,515746,25.57
122,The Peanut Butter Falcon,2019,97,7.6,70.0,41462,13.12
123,Room,2015,118,8.1,86.0,350667,14.68
124,Into the Wild,2007,148,8.1,73.0,553575,18.35
125,American Beauty,1999,122,8.3,84.0,1040519,130.1
126,Baby Driver,2017,113,7.6,86.0,413402,107.83
127,Apollo 13,1995,140,7.6,77.0,259605,173.84
128,Catch Me If You Can,2002,141,8.1,75.0,787210,164.62
129,The Grand Budapest Hotel,2014,99,8.1,88.0,679425,59.1
130,Boogie Nights,1997,155,7.9,85.0,231071,26.4
131,"Three Billboards Outside Ebbing, Missouri",2017,115,8.2,88.0,401748,54.51
132,Scarface,1983,170,8.3,65.0,712374,45.6
133,Full Metal Jacket,1987,116,8.3,76.0,650599,46.36
134,Dazed and Confused,1993,102,7.6,78.0,158892,7.99
135,Good Will Hunting,1997,126,8.3,70.0,827056,138.43
136,2001: A Space Odyssey,1968,149,8.3,84.0,580548,56.95
137,Billy Elliot,2000,110,7.7,74.0,122527,22.0
138,Ferris Bueller's Day Off,1986,103,7.8,61.0,308877,70.14
139,Ex Machina,2014,108,7.7,78.0,456482,25.44
140,Children of Men,2006,109,7.9,84.0,450828,35.55
141,Eternal Sunshine of the Spotless Mind,2004,108,8.3,89.0,879563,34.4
142,Deadpool,2016,108,8.0,65.0,874030,363.07
143,Willy Wonka & the Chocolate Factory,1971,100,7.8,67.0,171744,4.0
144,Kill Bill: Vol. 1,2003,111,8.1,69.0,967405,70.1
145,La La Land,2016,128,8.0,94.0,480085,151.1
146,Zootopia,2016,108,8.0,78.0,415624,341.27
147,Rogue One: A Star Wars Story,2016,133,7.8,65.0,532480,532.18
148,There Will Be Blood,2007,158,8.2,93.0,496310,40.22
149,Logan,2017,137,8.1,77.0,618528,226.28
150,Iron Man,2008,126,7.9,79.0,913517,318.41
151,Harry Potter and the Deathly Hallows: Part 1,2010,146,7.7,65.0,457338,295.98
152,12 Angry Men,1957,96,8.9,96.0,658884,4.36
153,The Fifth Element,1997,126,7.7,52.0,421882,63.54
154,Terminator 2: Judgment Day,1991,137,8.5,75.0,965828,204.84
155,The Lion King,1994,88,8.5,88.0,907106,422.78
156,The Perks of Being a Wallflower,2012,103,8.0,67.0,446644,17.74
157,The Big Lebowski,1998,117,8.1,71.0,703460,17.5
158,One Flew Over the Cuckoo's Nest,1975,133,8.7,83.0,882251,112.0
159,300,2006,117,7.6,52.0,718195,210.61
160,Almost Famous,2000,122,7.9,90.0,244945,32.53
161,The Big Short,2015,130,7.8,81.0,342787,70.26
162,True Romance,1993,119,7.9,59.0,199996,12.28
163,A Star Is Born,2018,136,7.7,88.0,310755,215.29
164,Braveheart,1995,178,8.3,68.0,934564,75.6
165,Aliens,1986,137,8.3,84.0,633321,85.16
166,E.T. the Extra-Terrestrial,1982,115,7.8,91.0,358369,435.11
167,Malcolm X,1992,202,7.7,72.0,81246,48.17
168,Casino Royale,2006,144,8.0,80.0,565690,167.45
169,Drive,2011,100,7.8,78.0,552846,35.06
170,Arrival,2016,116,7.9,81.0,567124,100.55
171,Being John Malkovich,1999,113,7.7,90.0,300564,22.86
172,The Truman Show,1998,103,8.1,90.0,897070,125.62
173,The Hobbit: The Desolation of Smaug,2013,161,7.8,66.0,587138,258.37
174,Howl's Moving Castle,2004,119,8.2,80.0,311562,4.71
175,The Girl with the Dragon Tattoo,2011,158,7.8,71.0,407888,102.52
176,Remember the Titans,2000,113,7.8,48.0,192344,115.65
177,Snatch,2000,102,8.3,55.0,759677,30.33
178,Captain Fantastic,2016,118,7.9,72.0,178684,5.88
179,Star Wars: Episode VII - The Force Awakens,2015,138,7.9,80.0,839514,936.66
180,The Imitation Game,2014,114,8.0,73.0,659989,91.13
181,The Invisible Guest,2016,106,8.1,,120542,
182,Reservoir Dogs,1992,99,8.3,79.0,887109,2.83
183,Oldboy,2003,120,8.4,77.0,494764,0.71
184,Pride & Prejudice,2005,129,7.8,82.0,244023,38.41
185,Your Name.,2016,106,8.4,79.0,170915,5.02
186,The Pianist,2002,150,8.5,85.0,698695,32.57
187,X-Men: First Class,2011,131,7.7,65.0,633005,146.41
188,Misery,1990,107,7.8,75.0,176875,61.28
189,Harry Potter and the Half-Blood Prince,2009,153,7.6,78.0,452034,301.96
190,The Terminator,1984,107,8.0,84.0,776820,38.4
191,Once Upon a Time in America,1984,229,8.4,,298223,5.32
192,Sicario,2015,121,7.6,82.0,355504,46.89
193,Mulholland Drive,2001,147,8.0,85.0,308551,7.22
194,Kingsman: The Secret Service,2014,129,7.7,60.0,574302,128.26
195,12 Monkeys,1995,129,8.0,74.0,564045,57.14
196,Minority Report,2002,145,7.6,80.0,493834,132.07
197,American Psycho,2000,101,7.6,64.0,466034,15.07
198,Star Wars: Episode V - The Empire Strikes Back,1980,124,8.7,82.0,1121639,290.48
199,The Hangover,2009,100,7.7,73.0,700657,277.32
200,Ocean's Eleven,2001,116,7.7,74.0,499513,183.42
201,Fantastic Mr. Fox,2009,87,7.9,83.0,190195,21.0
202,Sin City,2005,124,8.0,74.0,730640,74.1
203,Coco,2017,105,8.4,81.0,342078,209.73
204,Star Trek,2009,127,7.9,82.0,569360,257.73
205,The Blues Brothers,1980,133,7.9,60.0,176368,57.23
206,Princess Mononoke,1997,134,8.4,76.0,324400,2.38
207,Captain America: The Winter Soldier,2014,136,7.7,70.0,712348,259.77
208,Moneyball,2011,133,7.6,87.0,348876,75.61
209,The Handmaiden,2016,145,8.1,84.0,100458,2.01
210,Life Is Beautiful,1997,116,8.6,59.0,598334,57.6
211,Black Swan,2010,108,8.0,79.0,680810,106.95
212,Edge of Tomorrow,2014,113,7.9,71.0,580021,100.21
213,Mystic River,2003,138,7.9,84.0,407906,90.14
214,Die Hard,1988,132,8.2,72.0,761275,83.01
215,The Exorcist,1973,122,8.0,81.0,351191,232.91
216,The Sixth Sense,1999,107,8.1,64.0,886686,293.51
217,Blue Is the Warmest Colour,2013,180,7.7,88.0,133538,2.2
218,Ghostbusters,1984,105,7.8,71.0,343565,238.63
219,Vertigo,1958,128,8.3,100.0,346756,3.2
220,Superbad,2007,113,7.6,76.0,507171,121.46
221,Fargo,1996,98,8.1,85.0,594792,24.61
222,True Grit,2010,110,7.6,80.0,301189,171.24
223,A Beautiful Mind,2001,135,8.2,72.0,819249,170.74
224,Cast Away,2000,143,7.8,73.0,504556,233.63
225,Gran Torino,2008,116,8.1,72.0,701471,148.1
226,Man on Fire,2004,146,7.7,47.0,321224,77.91
227,Airplane!,1980,88,7.7,78.0,204233,83.4
228,Donnie Darko,2001,113,8.0,88.0,723417,1.48
229,The Thing,1982,109,8.1,57.0,355410,13.78
230,Star Wars: Episode VI - Return of the Jedi,1983,131,8.3,58.0,919720,309.13
231,Training Day,2001,122,7.7,69.0,377080,76.63
232,Predator,1987,107,7.8,45.0,361510,59.74
233,Million Dollar Baby,2004,132,8.1,86.0,617086,100.49
234,Spotlight,2015,129,8.1,93.0,400072,45.06
235,Crash,2004,112,7.8,66.0,412912,54.58
236,Stardust,2007,127,7.6,66.0,247858,38.63
237,Primal Fear,1996,129,7.7,47.0,177630,56.12
238,Atonement,2007,123,7.8,85.0,240779,50.93
239,Love Actually,2003,135,7.6,55.0,413048,59.7
240,Birdman or (The Unexpected Virtue of Ignorance),2014,119,7.7,87.0,559780,42.34
241,Silver Linings Playbook,2012,122,7.7,81.0,646472,132.09
242,The Sound of Music,1965,172,8.0,63.0,196614,163.21
243,Gone with the Wind,1939,238,8.1,97.0,279687,198.68
244,Capernaum,2018,126,8.4,75.0,48853,1.66
245,A Few Good Men,1992,138,7.7,62.0,226631,141.34
246,Indiana Jones and the Temple of Doom,1984,118,7.6,57.0,432978,179.87
247,City of God,2002,130,8.6,79.0,680217,7.56
248,Anatomy of a Murder,1959,161,8.0,95.0,57518,11.9
249,Platoon,1986,120,8.1,92.0,370015,138.53
250,The Wizard of Oz,1939,102,8.0,100.0,364305,2.08
251,The Godfather: Part III,1990,162,7.6,60.0,346430,66.67
252,Pan's Labyrinth,2006,118,8.2,98.0,601689,37.63
253,What's Eating Gilbert Grape,1993,118,7.8,73.0,208011,9.17
254,Casablanca,1942,102,8.5,100.0,504601,1.02
255,Nightcrawler,2014,117,7.8,76.0,441735,32.38
256,The Deer Hunter,1978,183,8.1,86.0,301169,48.98
257,Dallas Buyers Club,2013,117,8.0,80.0,425640,27.3
258,Ratatouille,2007,111,8.0,96.0,618357,206.45
259,Inside Out,2015,95,8.1,94.0,584517,356.46
260,The Intouchables,2011,112,8.5,57.0,728671,13.18
261,Dead Poets Society,1989,128,8.1,79.0,404991,95.86
262,Mulan,1998,88,7.6,71.0,241151,120.62
263,Warrior,2011,140,8.2,71.0,423681,13.66
264,As Good as It Gets,1997,139,7.7,67.0,267617,148.48
265,Skyfall,2012,143,7.7,81.0,616482,304.36
266,Kill Bill: Vol. 2,2004,137,8.0,83.0,661389,66.21
267,The Last Samurai,2003,154,7.7,55.0,388220,111.11
268,Tangled,2010,100,7.7,71.0,392082,200.82
269,Once Upon a Time in the West,1968,165,8.5,80.0,290976,5.32
270,Seven Samurai,1954,207,8.6,98.0,304054,0.27
271,A Streetcar Named Desire,1951,122,8.0,97.0,96154,8.0
272,Little Miss Sunshine,2006,101,7.8,80.0,428000,59.89
273,Brokeback Mountain,2005,134,7.7,87.0,314269,83.04
274,The Incredibles,2004,115,8.0,90.0,637383,261.44
275,Argo,2012,120,7.7,86.0,559115,136.03
276,About Time,2013,123,7.8,55.0,286083,15.32
277,Trainspotting,1996,93,8.1,83.0,618534,16.5
278,Road to Perdition,2002,117,7.7,72.0,240556,104.45
279,Mary Poppins,1964,139,7.8,88.0,152744,102.27
280,Come and See,1985,142,8.3,,51377,
281,The Hunt,2012,115,8.3,77.0,265178,0.69
282,28 Days Later...,2002,113,7.6,73.0,366409,45.06
283,Gravity,2013,91,7.7,96.0,749384,274.09
284,Toy Story,1995,81,8.3,95.0,855533,191.8
285,Midnight in Paris,2011,94,7.7,81.0,375024,56.82
286,Slumdog Millionaire,2008,120,8.0,84.0,781084,141.32
287,Incredibles 2,2018,118,7.6,80.0,234857,608.58
288,The Hunt for Red October,1990,135,7.6,58.0,173017,122.01
289,Wonder,2017,113,8.0,66.0,130464,132.42
290,The Wild Bunch,1969,135,7.9,97.0,75405,12.06
291,Changeling,2008,141,7.7,63.0,231199,35.74
292,Hell or High Water,2016,102,7.6,88.0,194809,26.86
293,Zombieland,2009,88,7.6,73.0,505999,75.59
294,Home Alone,1990,103,7.6,63.0,447638,285.76
295,The Florida Project,2017,111,7.6,92.0,86751,5.9
296,X-Men: Days of Future Past,2014,132,8.0,75.0,646078,233.92
297,Black Hawk Down,2001,144,7.7,74.0,355368,108.64
298,Amélie,2001,122,8.3,69.0,685027,33.23
299,Lion,2016,118,8.0,69.0,203166,51.74
300,The Butterfly Effect,2004,113,7.6,30.0,440947,57.94
301,Boyz n the Hood,1991,112,7.7,76.0,119862,57.5
302,Blue Velvet,1986,120,7.8,76.0,174071,8.55
303,Lost in Translation,2003,102,7.7,89.0,397205,44.59
304,Straight Outta Compton,2015,147,7.9,72.0,174367,161.2
305,Magnolia,1999,188,8.0,77.0,282219,22.46
306,"Lock, Stock and Two Smoking Barrels",1998,107,8.2,66.0,519580,3.9
307,Rocky,1976,120,8.1,70.0,501228,117.24
308,500 Days of Summer,2009,95,7.7,76.0,460632,32.39
309,Young Frankenstein,1974,106,8.0,80.0,139110,86.3
310,From Here to Eternity,1953,118,7.6,85.0,41825,30.5
311,Finding Nemo,2003,100,8.1,90.0,919585,380.84
312,Hot Fuzz,2007,121,7.8,81.0,448860,23.64
313,L.A. Confidential,1997,138,8.2,90.0,517007,64.62
314,Citizen Kane,1941,119,8.3,100.0,384883,1.59
315,My Neighbor Totoro,1988,86,8.2,86.0,271617,1.11
316,Kick-Ass,2010,117,7.6,66.0,515001,48.07
317,The Dirty Dozen,1967,150,7.7,73.0,65096,45.3
318,Amadeus,1984,160,8.3,88.0,357406,51.97
319,Blazing Saddles,1974,93,7.7,73.0,121965,119.5
320,Rush,2013,123,8.1,74.0,417977,26.95
321,Memories of Murder,2003,132,8.1,82.0,124088,0.01
322,The Lives of Others,2006,137,8.4,89.0,345578,11.29
323,The Graduate,1967,106,8.0,83.0,247921,104.95
324,Rear Window,1954,112,8.4,100.0,427015,36.76
325,The Untouchables,1987,119,7.9,79.0,269966,76.27
326,North by Northwest,1959,136,8.3,98.0,288220,13.28
327,The Thin Red Line,1998,170,7.6,78.0,167782,36.4
328,Philadelphia,1993,125,7.7,66.0,217334,77.32
329,WALL·E,2008,98,8.4,95.0,965008,223.81
330,Shrek,2001,90,7.8,84.0,594987,267.67
331,The Game,1997,129,7.8,61.0,333030,48.32
332,Incendies,2010,131,8.3,80.0,139286,6.86
333,Aladdin,1992,90,8.0,86.0,359215,217.35
334,Mississippi Burning,1988,128,7.8,65.0,84155,34.6
335,Hunt for the Wilderpeople,2016,101,7.9,81.0,102203,5.2
336,Taken,2008,90,7.8,51.0,554946,145.0
337,Manchester by the Sea,2016,137,7.8,96.0,234911,47.7
338,The Fighter,2010,116,7.8,79.0,331267,93.62
339,Moonrise Kingdom,2012,94,7.8,84.0,308191,45.51
340,In Bruges,2008,107,7.9,67.0,380393,7.76
341,Big Fish,2003,125,8.0,58.0,405127,66.26
342,Cool Hand Luke,1967,127,8.1,92.0,156694,16.22
343,The Farewell,2019,100,7.6,89.0,40791,16.88
344,3 Idiots,2009,170,8.4,67.0,326548,6.53
345,The Pursuit of Happyness,2006,117,8.0,64.0,431951,163.57
346,Groundhog Day,1993,101,8.0,72.0,564969,70.91
347,The Bridges of Madison County,1995,135,7.6,66.0,70158,71.52
348,Shaun of the Dead,2004,99,7.9,76.0,497938,13.54
349,Chinatown,1974,130,8.2,92.0,283083,29.2
350,District 9,2009,112,7.9,81.0,626609,115.65
351,The Machinist,2004,101,7.7,61.0,347633,1.08
352,First Blood,1982,93,7.7,61.0,219028,47.21
353,Dr. Strangelove or: How I Learned to Stop Worrying and Love the Bomb,1964,95,8.4,97.0,436754,0.28
354,Sherlock Holmes,2009,128,7.6,57.0,570283,209.03
355,"Monsters, Inc.",2001,92,8.0,79.0,787589,289.92
356,Blood Diamond,2006,143,8.0,64.0,485355,57.37
357,Despicable Me,2010,95,7.6,72.0,487446,251.51
358,American Gangster,2007,157,7.8,76.0,381085,130.16
359,Saw,2004,103,7.6,46.0,368865,56.0
360,Serenity,2005,119,7.8,74.0,278257,25.51
361,Mad Max 2: The Road Warrior,1981,96,7.6,77.0,161899,12.47
362,Lawrence of Arabia,1962,228,8.3,100.0,258252,44.82
363,Close Encounters of the Third Kind,1977,138,7.6,90.0,177952,132.09
364,Before Sunrise,1995,101,8.1,77.0,258027,5.54
365,A Fistful of Dollars,1964,99,8.0,65.0,189680,14.5
366,Edward Scissorhands,1990,105,7.9,74.0,433835,56.36
367,Scent of a Woman,1992,156,8.0,59.0,248641,63.9
368,Moon,2009,97,7.9,67.0,326768,5.01
369,"O Brother, Where Art Thou?",2000,107,7.7,69.0,276325,45.51
370,Office Space,1999,89,7.7,68.0,235927,10.82
371,Star Trek Into Darkness,2013,132,7.7,72.0,456515,228.78
372,The Blind Side,2009,129,7.6,53.0,282757,255.96
373,The King's Speech,2010,118,8.0,88.0,623320,138.8
374,Big Hero 6,2014,102,7.8,74.0,396832,222.53
375,To Kill a Mockingbird,1962,129,8.2,88.0,286325,
376,Sleepers,1996,147,7.6,49.0,182513,49.1
377,The Great Beauty,2013,141,7.8,86.0,77752,2.85
378,Life of Pi,2012,127,7.9,79.0,565509,124.99
379,Roma,2018,135,7.7,96.0,131522,
380,Gifted,2017,101,7.6,60.0,93766,24.8
381,The Last of the Mohicans,1992,112,7.7,76.0,144009,75.51
382,The Man Who Shot Liberty Valance,1962,123,8.1,94.0,66471,
383,Halloween,1978,91,7.8,87.0,220077,47.0
384,Downfall,2004,156,8.2,82.0,321736,5.51
385,The Little Mermaid,1989,83,7.6,88.0,229171,111.54
386,Fear and Loathing in Las Vegas,1998,118,7.6,41.0,252492,10.68
387,Who Framed Roger Rabbit,1988,104,7.7,83.0,176850,156.45
388,Dances with Wolves,1990,181,8.0,72.0,232824,184.21
389,Monty Python and the Holy Grail,1975,91,8.2,93.0,487108,1.23
390,7 Kogustaki Mucize,2019,132,8.3,,26137,
391,The Secret in Their Eyes,2009,129,8.2,80.0,185382,6.39
392,The Sandlot,1993,101,7.8,55.0,76061,32.42
393,The Fault in Our Stars,2014,126,7.7,69.0,333228,124.87
394,Raging Bull,1980,129,8.2,89.0,310099,23.38
395,The Great Escape,1963,172,8.2,86.0,217236,12.1
396,Deliverance,1972,109,7.7,80.0,95700,7.06
397,Spartacus,1960,197,7.9,87.0,120468,30.0
398,La Haine,1995,98,8.1,,141837,0.31
399,Grave of the Fireflies,1988,89,8.5,94.0,220528,
400,Y Tu Mamá También,2001,106,7.6,88.0,112545,13.62
401,The Hurt Locker,2008,131,7.6,95.0,410907,17.02
402,Traffic,2000,147,7.6,86.0,191887,124.12
403,Dangal,2016,161,8.4,,143569,12.39
404,Togo,2019,113,8.0,69.0,28057,
405,The Red Shoes,1948,135,8.1,,29350,10.9
406,The Bourne Identity,2002,119,7.9,68.0,495138,121.66
407,Breakfast at Tiffany's,1961,115,7.7,76.0,161184,
408,Escape from Alcatraz,1979,112,7.6,76.0,114113,43.0
409,Toy Story 3,2010,103,8.3,92.0,732826,415.0
410,Isle of Dogs,2018,101,7.9,82.0,129540,32.02
411,Searching,2018,102,7.6,71.0,126334,26.02
412,End of Watch,2012,109,7.6,68.0,222361,41.0
413,Match Point,2005,124,7.6,72.0,201176,23.09
414,Singin' in the Rain,1952,103,8.3,99.0,210471,8.82
415,It's a Wonderful Life,1946,130,8.6,89.0,384130,
416,The Theory of Everything,2014,123,7.7,72.0,386108,35.89
417,Sense and Sensibility,1995,136,7.6,84.0,98328,43.18
418,The Crow,1994,102,7.6,71.0,162314,50.69
419,Stalker,1979,162,8.2,,109460,0.23
420,Beauty and the Beast,1991,84,8.0,95.0,407787,218.97
421,Brazil,1985,132,7.9,84.0,182839,9.93
422,The Color Purple,1985,154,7.8,78.0,75405,98.47
423,The Fugitive,1993,130,7.8,87.0,259171,183.88
424,Barry Lyndon,1975,185,8.1,89.0,143076,
425,Blow,2001,124,7.6,52.0,234495,52.99
426,Captain Phillips,2013,134,7.8,82.0,408062,107.1
427,Rosemary's Baby,1968,137,8.0,96.0,184736,
428,Gattaca,1997,106,7.8,64.0,273338,12.34
429,The Warriors,1979,92,7.6,65.0,90621,22.49
430,The Others,2001,104,7.6,74.0,327844,96.52
431,Glory,1989,122,7.8,78.0,117476,26.83
432,The Elephant Man,1980,124,8.1,78.0,211933,
433,Cinema Paradiso,1988,155,8.5,80.0,219033,11.99
434,Lost Highway,1997,134,7.6,52.0,126180,3.8
435,Planet of the Apes,1968,112,8.0,79.0,161661,33.4
436,For a Few Dollars More,1965,132,8.3,74.0,222669,15.0
437,The Birds,1963,119,7.7,90.0,165160,11.4
438,Empire of the Sun,1987,153,7.7,62.0,111851,22.24
439,Dirty Harry,1971,102,7.7,90.0,139143,35.9
440,The French Connection,1971,104,7.7,94.0,105978,15.63
441,Rain Man,1988,133,8.0,65.0,461188,178.8
442,Ponyo,2008,101,7.7,86.0,117538,15.09
443,Das Boot,1981,149,8.3,86.0,223644,11.49
444,Coraline,2009,100,7.7,80.0,188551,75.29
445,The Raid: Redemption,2011,101,7.6,73.0,185447,4.11
446,The Fly,1986,96,7.6,79.0,153730,40.46
447,The Count of Monte Cristo,2002,131,7.8,61.0,125817,54.23
448,Kiki's Delivery Service,1989,103,7.8,83.0,114641,
449,Wreck-It Ralph,2012,101,7.7,72.0,367961,189.42
450,Boyhood,2014,165,7.9,100.0,328408,25.38
451,How to Train Your Dragon,2010,98,8.1,75.0,645412,217.58
452,The Boy in the Striped Pajamas,2008,94,7.8,55.0,183813,9.03
453,This Is Spinal Tap,1984,82,7.9,92.0,125475,0.19
454,A Bronx Tale,1993,121,7.8,80.0,123646,17.27
455,Serpico,1973,130,7.7,87.0,104817,29.8
456,The Sting,1973,129,8.3,83.0,233778,159.6
457,Mr. Nobody,2009,141,7.8,63.0,209620,0.0
458,The Royal Tenenbaums,2001,110,7.6,76.0,258614,52.36
459,Withnail & I,1987,107,7.7,84.0,38874,1.54
460,When Harry Met Sally...,1989,95,7.6,76.0,188369,92.82
461,Wild Tales,2014,122,8.1,77.0,167173,3.11
462,The Skin I Live In,2011,120,7.6,70.0,133173,3.19
463,Die Hard with a Vengeance,1995,128,7.6,58.0,354709,100.01
464,In the Heat of the Night,1967,110,7.9,75.0,64854,24.38
465,Nausicaä of the Valley of the Wind,1984,117,8.1,86.0,141754,0.5
466,Short Term 12,2013,96,8.0,82.0,78430,1.01
467,Gone Baby Gone,2007,114,7.6,72.0,243599,20.3
468,My Cousin Vinny,1992,120,7.6,68.0,102397,52.93
469,I Saw the Devil,2010,144,7.8,67.0,104049,0.13
470,Walk the Line,2005,136,7.8,72.0,227402,119.52
471,Carlito's Way,1993,144,7.9,65.0,194536,36.95
472,Kung Fu Hustle,2004,99,7.7,78.0,123265,17.11
473,Dog Day Afternoon,1975,125,8.0,86.0,228591,50.0
474,Dogville,2003,178,8.0,60.0,133634,1.53
475,Creed,2015,133,7.6,82.0,239583,109.77
476,Goldfinger,1964,110,7.7,87.0,167349,51.08
477,Annie Hall,1977,93,8.0,92.0,246411,39.2
478,Dangerous Liaisons,1988,119,7.6,74.0,62639,34.7
479,The Conversation,1974,113,7.8,85.0,94179,4.42
480,Donnie Brasco,1997,127,7.7,76.0,268197,41.91
481,The Girl with the Dragon Tattoo,2009,152,7.8,76.0,204909,10.1
482,Eastern Promises,2007,100,7.6,82.0,222236,17.11
483,Toy Story 2,1999,92,7.9,88.0,509780,245.85
484,The Boondock Saints,1999,108,7.8,44.0,223501,0.03
485,Rise of the Planet of the Apes,2011,105,7.6,68.0,487947,176.76
486,The Jungle Book,1967,78,7.6,65.0,160704,141.84
487,Midnight Cowboy,1969,113,7.8,79.0,97419,44.79
488,Solaris,1972,167,8.1,90.0,76765,
489,Bridge of Spies,2015,142,7.6,81.0,277951,72.31
490,Midnight Express,1978,121,7.6,59.0,70788,35.0
491,Shoplifters,2018,121,8.0,93.0,53668,3.31
492,The Seventh Seal,1957,96,8.2,,156605,
493,Ben-Hur,1959,212,8.1,90.0,212789,74.7
494,Network,1976,121,8.1,83.0,140122,
495,In the Mood for Love,2000,98,8.1,85.0,116923,2.73
496,Castle in the Sky,1986,125,8.0,78.0,142703,
497,Dark City,1998,100,7.6,66.0,183761,14.38
498,Where Eagles Dare,1968,158,7.7,63.0,50139,
499,Hachi: A Dog's Tale,2009,93,8.1,,242438,
500,Lethal Weapon,1987,109,7.6,68.0,230343,65.21
501,3:10 to Yuma,2007,122,7.7,76.0,281219,53.61
502,"Paris, Texas",1984,145,8.1,78.0,84201,2.18
503,The Raid 2,2014,150,8.0,71.0,110859,2.63
504,Klaus,2019,96,8.2,65.0,70377,
505,The Naked Gun: From the Files of Police Squad!,1988,85,7.6,76.0,145969,78.76
506,A Silent Voice: The Movie,2016,130,8.2,78.0,37785,
507,The Right Stuff,1983,193,7.8,91.0,54505,21.5
508,Before Sunset,2004,80,8.0,90.0,225132,5.82
509,Andhadhun,2018,139,8.3,,62040,1.37
510,127 Hours,2010,94,7.6,82.0,339515,18.34
511,A Separation,2011,123,8.3,95.0,211641,7.1
512,The Bourne Supremacy,2004,108,7.7,73.0,423999,176.24
513,Metropolis,1927,153,8.3,98.0,154261,1.24
514,Dawn of the Planet of the Apes,2014,130,7.6,79.0,404202,208.55
515,Enemy at the Gates,2001,131,7.6,53.0,236071,51.4
516,Sunset Blvd.,1950,110,8.4,,193002,
517,The Life of David Gale,2003,130,7.6,31.0,105960,19.59
518,The Magnificent Seven,1960,128,7.7,74.0,84998,4.91
519,Robin Hood,1973,83,7.6,57.0,111472,32.06
520,The Quiet Man,1952,129,7.7,,33512,10.55
521,Battle Royale,2000,114,7.6,81.0,165092,
522,Falling Down,1993,113,7.6,56.0,164152,40.9
523,The Bourne Ultimatum,2007,115,8.0,85.0,594601,227.47
524,Akira,1988,124,8.0,,156746,0.55
525,Adaptation.,2002,115,7.7,83.0,172238,22.25
526,Roman Holiday,1953,118,8.0,78.0,123371,
527,Mother,2009,129,7.8,79.0,47172,0.55
528,The Outlaw Josey Wales,1976,135,7.8,69.0,63393,31.8
529,Butch Cassidy and the Sundance Kid,1969,110,8.0,66.0,197849,102.31
530,Fried Green Tomatoes,1991,130,7.7,64.0,64702,82.42
531,JFK,1991,189,8.0,72.0,137020,70.41
532,Ghost in the Shell,1995,83,8.0,76.0,123868,0.52
533,The Illusionist,2006,110,7.6,68.0,348512,39.87
534,The Ten Commandments,1956,220,7.8,,61774,93.74
535,Only the Brave,2017,134,7.6,72.0,53646,18.34
536,The Body,2012,108,7.6,,52984,
537,Gangs of Wasseypur,2012,321,8.2,89.0,76107,
538,Bonnie and Clyde,1967,111,7.8,86.0,99274,
539,Seven Pounds,2008,123,7.6,36.0,280469,69.95
540,The Artist,2011,100,7.9,89.0,225623,44.67
541,The Lego Movie,2014,100,7.7,83.0,317263,257.76
542,Blood Simple,1984,99,7.6,81.0,84283,2.15
543,Harakiri,1962,133,8.7,85.0,34878,
544,Before Midnight,2013,109,7.9,94.0,134056,8.11
545,In the Name of the Father,1993,133,8.1,84.0,150735,25.01
546,Monty Python's Life of Brian,1979,94,8.1,77.0,355538,20.05
547,Ran,1985,162,8.2,96.0,106984,4.14
548,The Man from Earth,2007,87,7.9,,168865,
549,Star Trek II: The Wrath of Khan,1982,113,7.7,67.0,109790,78.91
550,Ip Man,2008,106,8.0,59.0,206026,
551,The Longest Day,1962,178,7.8,75.0,51045,39.1
552,The Last Picture Show,1971,118,8.0,93.0,40641,29.13
553,The Holy Mountain,1973,114,7.9,,34785,0.06
554,"Crouching Tiger, Hidden Dragon",2000,120,7.8,94.0,248063,128.08
555,Blow-Up,1966,111,7.6,82.0,54272,
556,The Day of the Jackal,1973,143,7.8,80.0,36112,16.06
557,Gandhi,1982,191,8.0,79.0,213878,52.77
558,The Nightmare Before Christmas,1993,76,8.0,82.0,283013,75.08
559,The Wind Rises,2013,126,7.8,83.0,68344,5.21
560,Like Stars on Earth,2007,165,8.4,,158239,1.22
561,His Girl Friday,1940,92,7.9,,51555,0.3
562,Funny Games,1997,108,7.6,69.0,61678,
563,The Apartment,1960,125,8.3,94.0,156420,18.6
564,The Wrestler,2008,109,7.9,80.0,284788,26.24
565,Ray,2004,152,7.7,73.0,134799,75.33
566,"Blood In, Blood Out",1993,180,8.0,47.0,27995,4.5
567,Night of the Living Dead,1968,96,7.9,89.0,111890,0.09
568,Amores Perros,2000,154,8.1,83.0,217249,5.38
569,Kelly's Heroes,1970,144,7.6,50.0,43862,1.38
570,The Great Dictator,1940,125,8.4,,194678,0.29
571,The Insider,1999,157,7.8,84.0,155811,28.97
572,This Is England,2006,101,7.7,86.0,113535,0.33
573,Paths of Glory,1957,88,8.4,,169894,
574,"Synecdoche, New York",2008,124,7.6,67.0,78273,3.08
575,Pride,2014,119,7.8,79.0,49730,
576,October Sky,1999,108,7.8,71.0,79145,32.48
577,Black Book,2006,145,7.7,71.0,71040,4.4
578,The King of Comedy,1982,109,7.8,73.0,82199,2.5
579,Enter the Dragon,1973,102,7.7,83.0,93312,25.0
580,Dawn of the Dead,1978,127,7.9,71.0,108294,5.1
581,Perfect Blue,1997,81,8.0,,51981,0.78
582,Mommy,2014,139,8.1,74.0,47771,3.49
583,Snow White and the Seven Dwarfs,1937,83,7.6,95.0,175361,184.93
584,On the Waterfront,1954,108,8.1,91.0,136755,9.6
585,Rebel Without a Cause,1955,111,7.7,89.0,80646,
586,The Best Offer,2013,131,7.8,49.0,103886,0.09
587,Letters from Iwo Jima,2006,141,7.9,89.0,151139,13.76
588,Charade,1963,113,7.9,83.0,65093,13.47
589,Let the Right One In,2008,114,7.9,82.0,201373,2.12
590,Beasts of No Nation,2015,137,7.7,79.0,70407,0.08
591,The Searchers,1956,119,7.9,94.0,77465,
592,Papillon,1973,151,8.0,58.0,118274,53.27
593,The Bridge on the River Kwai,1957,161,8.1,87.0,196609,44.91
594,Key Largo,1948,100,7.8,,35913,
595,My Fair Lady,1964,170,7.8,95.0,83936,72.0
596,All About Eve,1950,138,8.2,98.0,116232,0.01
597,Duck Soup,1933,69,7.8,93.0,54327,
598,The Last Emperor,1987,163,7.7,76.0,90718,43.98
599,After Hours,1985,97,7.7,90.0,55512,10.6
600,The Fall,2006,117,7.9,64.0,105135,2.28
601,8½,1963,138,8.0,,105133,0.05
602,King Kong,1933,100,7.9,90.0,76825,10.0
603,M,1931,99,8.3,,137350,0.03
604,Rushmore,1998,93,7.7,86.0,164313,17.11
605,Baahubali: The Beginning,2015,159,8.1,,98792,6.74
606,Persona,1966,83,8.1,86.0,96798,
607,Days of Heaven,1978,94,7.8,93.0,50060,
608,50/50,2011,100,7.6,72.0,310185,35.01
609,Modern Times,1936,87,8.5,96.0,207989,0.16
610,Hotel Rwanda,2004,121,8.1,79.0,326751,23.53
611,Cold War,2018,89,7.6,90.0,44379,4.57
612,Shane,1953,118,7.6,80.0,35748,20.0
613,Nosferatu,1922,94,7.9,,85719,
614,Hero,2002,120,7.9,85.0,171062,53.71
615,The Name of the Rose,1986,130,7.7,54.0,98577,7.15
616,25th Hour,2002,135,7.6,67.0,166732,13.06
617,Witness for the Prosecution,1957,116,8.4,,102395,8.18
618,Awakenings,1990,121,7.8,74.0,119180,52.1
619,Whisper of the Heart,1995,111,7.9,75.0,46938,
620,Dead Man,1995,121,7.6,62.0,87910,1.04
621,Three Colors: Red,1994,99,8.1,100.0,86254,4.04
622,The Third Man,1949,93,8.1,97.0,153651,0.45
623,The Remains of the Day,1993,134,7.8,84.0,63067,22.95
624,The Secret World of Arrietty,2010,94,7.6,80.0,75776,19.2
625,I Am Sam,2001,132,7.7,28.0,140330,40.31
626,Kramer vs. Kramer,1979,105,7.8,77.0,127505,106.26
627,Ordinary People,1980,124,7.7,86.0,45076,54.8
628,Naked,1993,132,7.8,84.0,32719,1.77
629,The White Ribbon,2009,144,7.8,82.0,66685,2.22
630,Winter Sleep,2014,196,8.1,88.0,43035,0.17
631,Doctor Zhivago,1965,197,8.0,69.0,67588,111.72
632,Rope,1948,80,8.0,73.0,124006,
633,Rebecca,1940,130,8.1,86.0,117809,4.36
634,Breathless,1960,90,7.9,,70041,0.34
635,All the President's Men,1976,138,8.0,84.0,98589,70.6
636,Double Indemnity,1944,107,8.3,95.0,137661,5.72
637,Flipped,2010,90,7.7,45.0,78836,1.75
638,Cinderella Man,2005,144,8.0,69.0,172387,61.65
639,Dancer in the Dark,2000,140,8.0,61.0,99109,4.18
640,Paddington 2,2017,103,7.8,88.0,56645,40.44
641,Sing Street,2016,106,7.9,79.0,81533,3.24
642,Cabaret,1972,124,7.8,80.0,46575,42.77
643,3-Iron,2004,88,8.0,72.0,48011,0.24
644,Rio Bravo,1959,141,8.0,,54053,12.54
645,High Noon,1952,85,7.9,89.0,94722,9.45
646,Clerks,1994,92,7.7,70.0,208153,3.15
647,21 Grams,2003,124,7.7,70.0,220000,16.29
648,Glengarry Glen Ross,1992,100,7.7,82.0,92839,10.73
649,Porco Rosso,1992,94,7.7,83.0,72096,
650,Sabrina,1954,113,7.7,72.0,56945,
651,The Lunchbox,2013,104,7.8,76.0,47769,4.23
652,Lord of War,2005,122,7.6,62.0,287923,24.15
653,How to Train Your Dragon 2,2014,102,7.8,76.0,295732,177.0
654,Sling Blade,1996,135,8.0,84.0,85188,24.48
655,The Iron Giant,1999,86,8.0,85.0,166517,23.16
656,Dial M for Murder,1954,105,8.2,75.0,151024,0.01
657,The Maltese Falcon,1941,100,8.0,96.0,145622,2.11
658,Ed Wood,1994,127,7.8,70.0,162079,5.89
659,"Planes, Trains & Automobiles",1987,93,7.6,72.0,117966,49.53
660,Miller's Crossing,1990,115,7.8,66.0,122866,5.08
661,Evil Dead II,1987,84,7.8,69.0,143356,5.92
662,Rashomon,1950,88,8.2,98.0,145883,0.1
663,Hedwig and the Angry Inch,2001,95,7.7,85.0,31172,3.03
664,La Dolce Vita,1960,174,8.0,95.0,63586,19.52
665,The Man from Nowhere,2010,119,7.8,,59942,0.01
666,Barton Fink,1991,116,7.7,69.0,109688,6.15
667,Guess Who's Coming to Dinner,1967,108,7.8,63.0,37752,56.7
668,Giant,1956,201,7.6,84.0,32883,35.0
669,Three Colors: Blue,1993,94,7.9,85.0,84903,1.32
670,Chungking Express,1994,102,8.1,77.0,58729,0.6
671,Lucky Number Slevin,2006,110,7.7,53.0,295515,22.49
672,The Night of the Hunter,1955,92,8.0,99.0,79170,0.65
673,Lady Vengeance,2005,115,7.6,75.0,69380,0.21
674,Fiddler on the Roof,1971,181,8.0,67.0,37642,80.5
675,Fanny and Alexander,1982,188,8.1,100.0,55375,4.97
676,Paprika,2006,90,7.7,81.0,67060,0.88
677,The Best Years of Our Lives,1946,170,8.0,93.0,55807,23.65
678,Harold and Maude,1971,91,7.9,62.0,68683,
679,Cape Fear,1962,106,7.7,76.0,25311,
680,Bicycle Thieves,1948,89,8.3,,139122,0.33
681,It Happened One Night,1934,105,8.1,87.0,90134,4.36
682,What Ever Happened to Baby Jane?,1962,134,8.1,75.0,48196,4.05
683,My Left Foot,1989,103,7.9,97.0,65338,14.74
684,The Adventures of Robin Hood,1938,102,7.9,97.0,45804,3.98
685,The Last King of Scotland,2006,123,7.7,74.0,171668,17.61
686,Freaks,1932,64,7.9,80.0,40702,
687,Anand,1971,122,8.6,,26548,
688,Wings of Desire,1987,128,8.0,79.0,62049,3.33
689,Belle de Jour,1967,100,7.7,,38526,0.03
690,Me and Earl and the Dying Girl,2015,105,7.7,74.0,119367,6.74
691,PK,2014,153,8.1,,153764,10.62
692,Finding Neverland,2004,106,7.7,67.0,195373,51.68
693,The Straight Story,1999,112,8.0,86.0,79014,6.2
694,Yojimbo,1961,110,8.2,,105665,
695,Gully Boy,2019,153,8.2,65.0,27470,5.57
696,Victoria,2015,138,7.6,77.0,49647,
697,Mary and Max,2009,92,8.1,,159467,
698,Nebraska,2013,115,7.7,87.0,109774,17.65
699,The Mirror,1975,107,8.1,,37202,0.18
700,Manhattan,1979,96,7.9,83.0,127971,45.7
701,Paper Moon,1973,102,8.1,77.0,40713,30.93
702,Loving Vincent,2017,94,7.8,62.0,47081,6.74
703,Detachment,2011,98,7.7,52.0,73886,0.07
704,Drishyam,2015,163,8.2,,63632,0.74
705,Badlands,1973,94,7.8,93.0,62984,
706,The Tale of The Princess Kaguya,2013,137,8.0,89.0,34977,1.51
707,Pink Floyd: The Wall,1982,95,8.0,47.0,73976,22.24
708,Breaking the Waves,1996,159,7.8,76.0,60530,4.04
709,The Muppet Movie,1979,95,7.6,74.0,31461,76.66
710,Strangers on a Train,1951,101,8.0,88.0,119738,7.63
711,Run Lola Run,1998,80,7.6,77.0,184777,7.27
712,Kubo and the Two Strings,2016,101,7.8,84.0,113677,48.02
713,All That Jazz,1979,123,7.9,72.0,26678,37.82
714,A Little Princess,1995,97,7.7,83.0,31109,10.02
715,Stalag 17,1953,120,8.0,84.0,49928,
716,The Tenant,1976,126,7.7,,37747,1.92
717,Fantasia,1940,125,7.8,96.0,85962,76.41
718,Patton,1970,172,7.9,91.0,91695,61.7
719,Repulsion,1965,105,7.7,91.0,47064,
720,City Lights,1931,87,8.5,99.0,160093,0.02
721,The Hurricane,1999,146,7.6,74.0,89457,50.67
722,When Marnie Was There,2014,103,7.7,72.0,29201,0.77
723,Land of Mine,2015,100,7.8,75.0,32849,0.44
724,Ninja Scroll,1993,94,7.9,,33447,
725,The Chaser,2008,125,7.9,64.0,55172,
726,The Treasure of the Sierra Madre,1948,126,8.2,98.0,110017,5.01
727,Amour,2012,127,7.9,94.0,90226,6.74
728,Being There,1979,130,8.0,83.0,63511,30.18
729,The Secret of NIMH,1982,82,7.6,76.0,35067,10.14
730,Wild Strawberries,1957,91,8.2,88.0,91244,
731,Happiness,1998,134,7.7,81.0,64878,2.81
732,The Philadelphia Story,1940,112,7.9,96.0,61385,
733,Mysterious Skin,2004,105,7.6,73.0,64448,0.7
734,The Killing Fields,1984,141,7.8,76.0,49884,34.7
735,Contempt,1963,102,7.6,,27275,0.04
736,La Vie En Rose,2007,140,7.6,66.0,80774,10.3
737,The 400 Blows,1959,99,8.1,,100236,
738,"Duck, You Sucker",1971,138,7.6,77.0,28669,0.7
739,The Message,1976,177,8.2,,42413,
740,The Invisible Man,1933,71,7.7,87.0,28839,
741,Red River,1948,133,7.8,,27055,
742,Touch of Evil,1958,95,8.0,99.0,96120,2.24
743,Lilya 4-Ever,2002,109,7.8,82.0,41472,0.18
744,K.G.F: Chapter 1,2018,156,8.2,,30185,
745,The Killing,1956,84,8.0,,78589,
746,In a Better World,2010,118,7.6,65.0,37720,1.01
747,Children of Heaven,1997,89,8.3,,60930,0.93
748,Perfect Strangers,2016,96,7.8,,53247,
749,All Quiet on the Western Front,1930,152,8.0,91.0,55847,3.27
750,Andrei Rublev,1966,205,8.1,,43807,0.1
751,Sympathy for Mr. Vengeance,2002,129,7.6,56.0,60238,0.05
752,The Double Life of Véronique,1991,98,7.8,86.0,39729,2.0
753,Leviathan,2014,140,7.6,92.0,47242,1.09
754,High and Low,1963,143,8.5,,29560,
755,"Spring, Summer, Fall, Winter... and Spring",2003,103,8.0,85.0,74841,2.38
756,Frost/Nixon,2008,122,7.7,80.0,100247,18.59
757,Hamlet,1996,242,7.7,,35314,4.41
758,5 Centimeters Per Second,2007,63,7.6,,48310,
759,Waking Life,2001,99,7.8,82.0,59423,2.89
760,Tangerines,2013,87,8.2,73.0,36753,0.14
761,East of Eden,1955,118,7.9,72.0,38896,
762,Notorious,1946,102,7.9,100.0,89409,10.46
763,Watership Down,1978,91,7.6,64.0,32704,
764,Volver,2006,121,7.6,84.0,92351,12.9
765,Arsenic and Old Lace,1944,118,8.0,,63682,
766,Zulu,1964,138,7.7,77.0,34769,
767,The Vanishing,1988,107,7.7,,32466,
768,Short Cuts,1993,188,7.7,79.0,41245,6.11
769,Who's Afraid of Virginia Woolf?,1966,131,8.0,75.0,67062,
770,The Diving Bell and the Butterfly,2007,112,8.0,92.0,101398,5.99
771,Stagecoach,1939,96,7.9,93.0,41435,
772,Talk to Her,2002,112,7.9,86.0,101929,9.28
773,"South Park: Bigger, Longer & Uncut",1999,81,7.7,73.0,188787,52.01
774,Rang De Basanti,2006,167,8.2,,107251,2.2
775,Peeping Tom,1960,101,7.7,,29599,0.08
776,Tokyo Story,1953,136,8.2,,49131,
777,The Day the Earth Stood Still,1951,92,7.7,,74900,
778,The Manchurian Candidate,1962,126,7.9,94.0,69731,
779,Infernal Affairs,2002,101,8.0,75.0,115618,0.17
780,All About My Mother,1999,101,7.8,87.0,86090,8.26
781,The Station Agent,2003,89,7.6,81.0,66253,5.74
782,Thank You for Smoking,2005,92,7.6,71.0,210404,24.79
783,Uri: The Surgical Strike,2019,138,8.3,,39746,4.19
784,Zindagi Na Milegi Dobara,2011,155,8.1,,64188,3.11
785,Cat on a Hot Tin Roof,1958,108,8.0,84.0,43315,17.57
786,Eyes Without a Face,1960,90,7.7,90.0,25584,0.05
787,Underground,1995,167,8.1,,53700,0.17
788,Judgment at Nuremberg,1961,179,8.2,60.0,66370,
789,Hannah and Her Sisters,1986,107,7.9,90.0,65003,40.08
790,Swades,2004,189,8.2,,79680,1.22
791,Lagaan: Once Upon a Time in India,2001,224,8.1,84.0,100916,0.07
792,Once,2007,86,7.8,88.0,108389,9.44
793,Dead Man's Shoes,2004,90,7.6,52.0,48200,0.01
794,The Hustler,1961,134,8.0,90.0,73408,
795,Ikiru,1952,143,8.3,,64018,0.06
796,A Man for All Seasons,1966,120,7.7,72.0,30132,28.35
797,The Big Sleep,1946,114,7.9,,76881,6.54
798,Kal ho naa ho,2003,186,8.0,54.0,61114,1.79
799,The Wave,2008,107,7.6,,99795,
800,Neon Genesis Evangelion: The End of Evangelion,1997,87,8.1,,34973,
801,"Aguirre, the Wrath of God",1972,95,7.9,,50090,
802,Frankenstein,1931,70,7.8,91.0,62593,
803,The Hidden Fortress,1958,126,8.1,,32488,
804,The Conformist,1970,113,8.0,100.0,25553,0.54
805,On Golden Pond,1981,109,7.6,68.0,26720,119.29
806,The Past,2013,130,7.8,85.0,43642,1.33
807,Bringing Up Baby,1938,102,7.9,91.0,53320,
808,The World's Fastest Indian,2005,127,7.8,68.0,50833,5.13
809,The Cabinet of Dr. Caligari,1920,67,8.1,,54740,
810,Throne of Blood,1957,110,8.1,,43707,
811,Kagemusha,1980,162,8.0,84.0,30744,
812,Ayla: The Daughter of War,2017,125,8.5,,31580,
813,Loveless,2017,127,7.6,86.0,27693,0.57
814,Talvar,2015,132,8.2,,28986,0.34
815,Song of the Sea,2014,93,8.1,85.0,48447,0.86
816,A Prophet,2009,155,7.9,90.0,91380,2.08
817,Shadow of a Doubt,1943,108,7.8,94.0,57245,
818,The Verdict,1982,129,7.7,77.0,34429,54.0
819,The Lion in Winter,1968,134,7.9,,28184,22.28
820,The African Queen,1951,105,7.7,91.0,69517,0.54
821,The Little Prince,2015,108,7.7,70.0,54253,1.34
822,A Christmas Story,1983,94,7.9,77.0,127300,20.61
823,Good Bye Lenin!,2003,121,7.7,68.0,134663,4.06
824,The Taking of Pelham One Two Three,1974,104,7.7,68.0,25380,
825,A Very Long Engagement,2004,133,7.6,76.0,69877,6.17
826,Once Upon a Time in Anatolia,2011,157,7.9,82.0,39107,0.14
827,Three Colors: White,1994,92,7.6,88.0,60684,1.46
828,Elite Squad,2007,115,8.1,33.0,95791,0.01
829,Open Your Eyes,1997,117,7.8,,62310,0.37
830,"I, Daniel Blake",2016,100,7.9,78.0,50423,0.26
831,Le Samouraï,1967,101,8.1,,43077,0.04
832,A Man Called Ove,2015,116,7.7,70.0,44065,3.36
833,Control,2007,122,7.7,78.0,60254,0.87
834,The Legend of 1900,1998,169,8.1,58.0,56681,0.26
835,A Hard Day's Night,1964,87,7.6,96.0,38870,13.78
836,The Lady Vanishes,1938,96,7.8,,45524,
837,Delicatessen,1991,99,7.6,66.0,78545,1.79
838,Bride of Frankenstein,1935,75,7.8,95.0,41715,4.36
839,Confessions,2010,106,7.8,,34410,
840,My Name Is Khan,2010,165,8.0,50.0,95571,4.02
841,Gilda,1946,110,7.7,,26769,
842,The Exterminating Angel,1962,95,8.1,,28227,
843,The Salesman,2016,124,7.8,85.0,47629,2.4
844,Philomena,2013,98,7.6,77.0,92011,37.71
845,Bajrangi Bhaijaan,2015,163,8.0,,68705,8.18
846,The Kid,1921,68,8.3,,107098,5.45
847,The Bandit,1996,128,8.3,,60881,
848,Sholay,1975,162,8.2,,49581,
849,About Elly,2009,119,8.0,87.0,42729,0.11
850,La Strada,1954,108,8.0,,56264,
851,Fitzcarraldo,1982,158,8.1,,29899,
852,The Passion of Joan of Arc,1928,114,8.1,,44932,0.02
853,The Thin Man,1934,91,8.0,,25471,
854,The Motorcycle Diaries,2004,126,7.8,75.0,94700,16.76
855,The Grapes of Wrath,1940,129,8.0,96.0,84066,0.06
856,Out of the Past,1947,97,8.0,,31299,
857,The Celebration,1998,105,8.0,82.0,75907,1.65
858,Mr. Smith Goes to Washington,1939,129,8.1,73.0,103349,9.6
859,Head-On,2004,121,7.9,78.0,49592,
860,Invasion of the Body Snatchers,1956,80,7.7,92.0,43383,
861,Hera Pheri,2000,156,8.2,,53434,
862,Secrets & Lies,1996,136,8.0,91.0,35761,13.42
863,The Man Who Would Be King,1975,129,7.8,91.0,42743,
864,Night on Earth,1991,129,7.8,68.0,53380,2.02
865,The Broken Circle Breakdown,2012,111,7.8,70.0,38317,0.18
866,Wolf Children,2012,117,8.1,71.0,36317,
867,The Lady from Shanghai,1947,87,7.6,,25477,0.01
868,Amarcord,1973,123,7.9,,38274,
869,The Battle of Algiers,1966,121,8.1,96.0,50152,0.06
870,The Discreet Charm of the Bourgeoisie,1972,102,7.9,93.0,36641,0.2
871,Laura,1944,88,8.0,,41101,4.36
872,Ivan's Childhood,1962,84,8.1,,29559,
873,The Return,2003,110,8.0,82.0,40869,0.5
874,Pink,2016,136,8.1,,36544,1.24
875,Crimes and Misdemeanors,1989,104,7.9,77.0,53036,18.25
876,The Odd Couple,1968,105,7.7,86.0,30527,44.53
877,Once Were Warriors,1994,102,7.9,77.0,30638,2.2
878,The Girl Who Leapt Through Time,2006,98,7.8,,57632,
879,The Wages of Fear,1953,131,8.1,,52089,
880,To Be or Not to Be,1942,99,8.2,86.0,26129,
881,Sweet Smell of Success,1957,96,8.1,100.0,26766,
882,Udaan,2010,134,8.2,,40935,0.01
883,Pierrot le Fou,1965,110,7.6,,27865,
884,Down by Law,1986,107,7.8,75.0,46359,1.44
885,Haider,2014,160,8.1,,48603,0.9
886,Love Me If You Dare,2003,93,7.6,45.0,65970,0.55
887,Brief Encounter,1945,86,8.0,,34012,
888,The Sea Inside,2004,126,8.0,74.0,75742,2.09
889,Paan Singh Tomar,2012,135,8.2,,31691,0.04
890,Kahaani,2012,122,8.1,,55422,1.04
891,Baahubali 2: The Conclusion,2017,167,8.2,,71227,20.19
892,My Father and My Son,2005,112,8.3,,75040,
893,Cries & Whispers,1972,91,8.1,,28572,1.74
894,To Have and Have Not,1944,100,7.8,,29889,
895,The Gold Rush,1925,95,8.2,,95859,5.45
896,Munna Bhai M.B.B.S.,2003,156,8.1,,70519,
897,The General,1926,67,8.1,,77555,1.03
898,Shine,1996,105,7.7,87.0,50200,35.81
899,Raise the Red Lantern,1991,125,8.1,,28221,2.6
900,Sunrise,1927,94,8.1,,45619,0.54
901,Sleuth,1972,138,8.0,,43709,4.08
902,The 39 Steps,1935,86,7.6,93.0,49746,
903,L'Avventura,1960,144,7.9,,25182,
904,Ace in the Hole,1951,111,8.1,72.0,29896,3.97
905,Diabolique,1955,117,8.0,,59771,
906,Batman: Mask of the Phantasm,1993,76,7.8,,41194,5.62
907,The Experiment,2001,120,7.7,60.0,89555,0.14
908,Death Note,2006,126,7.7,,27975,
909,"4 Months, 3 Weeks and 2 Days",2007,113,7.9,97.0,54945,1.19
910,Harvey,1950,104,7.9,,51569,
911,The Innocents,1961,100,7.8,88.0,25532,2.62
912,Jules and Jim,1962,105,7.8,,36067,
913,Au Revoir les Enfants,1987,104,8.0,,29990,4.54
914,Cell 211,2009,113,7.6,,62413,
915,Dilwale Dulhania Le Jayenge,1995,181,8.1,,61091,
916,Cowboy Bebop: The Movie,2001,115,7.9,61.0,41501,1.0
917,My Sassy Girl,2001,123,8.0,,44288,
918,Il Postino,1994,108,7.7,81.0,32439,21.85
919,Dil Chahta Hai,2001,183,8.1,,64520,0.3
920,Mustang,2015,97,7.6,83.0,34019,0.85
921,"Black Cat, White Cat",1998,127,8.1,73.0,49458,0.35
922,Wait Until Dark,1967,108,7.8,81.0,26810,17.55
923,Hard Boiled,1992,128,7.8,,45503,
924,Interstate 60: Episodes of the Road,2002,116,7.7,,29073,
925,Lupin the 3rd: Castle of Cagliostro,1979,102,7.7,71.0,25285,
926,Chak de! India,2007,153,8.2,68.0,70993,1.11
927,A Wednesday,2008,104,8.1,,71716,
928,Nights of Cabiria,1957,110,8.1,,41274,0.75
929,In America,2002,105,7.7,76.0,39850,15.54
930,The Purple Rose of Cairo,1985,82,7.7,75.0,45626,10.63
931,Persepolis,2007,96,8.0,90.0,86266,4.45
932,Fearless,2006,104,7.6,70.0,71693,24.63
933,Baby,2015,159,8.0,,51075,
934,Barfi!,2012,151,8.1,,72957,2.8
935,Battleship Potemkin,1925,66,8.0,,51213,0.05
936,Miracle on 34th Street,1947,96,7.9,88.0,38825,2.65
937,Badhaai Ho,2018,124,8.0,,25201,
938,Queen,2013,146,8.2,,58277,1.43
939,Vivre Sa Vie,1962,85,8.0,,26057,
940,Fireworks,1997,103,7.8,,26582,0.23
941,The Chorus,2004,97,7.9,56.0,55649,3.64
942,Airlift,2016,130,8.0,,51232,
943,After the Wedding,2006,120,7.7,78.0,30947,0.41
944,White Heat,1949,114,8.1,,28549,
945,Udta Punjab,2016,148,7.8,,25548,
946,Hiroshima Mon Amour,1959,90,7.9,,26964,0.09
947,No Man's Land,2001,98,7.9,84.0,43655,1.06
948,Veer-Zaara,2004,192,7.8,67.0,47338,2.92
949,Tokyo Godfathers,2003,92,7.8,73.0,29192,0.13
950,Dev.D,2009,144,8.0,,27750,0.01
951,Vizontele,2001,110,8.0,,31818,
952,The Killer,1989,111,7.8,82.0,44672,
953,The Ladykillers,1955,91,7.7,91.0,25353,
954,Departures,2008,130,8.1,68.0,47205,1.5
955,Tae Guk Gi: The Brotherhood of War,2004,140,8.1,64.0,37089,1.11
956,Black,2005,122,8.2,,32538,0.73
957,Love and Death,1975,85,7.7,89.0,34860,
958,The Secret of Kells,2009,75,7.6,81.0,30070,0.69
959,Inherit the Wind,1960,128,8.1,75.0,26286,
960,Joint Security Area,2000,110,7.8,58.0,25219,
961,Special 26,2013,144,8.0,,48699,1.08
962,Elite Squad 2: The Enemy Within,2010,115,8.0,71.0,77674,0.1
963,C.R.A.Z.Y.,2005,127,7.9,81.0,31029,
964,The Rules of the Game,1939,110,8.0,,25775,
965,G.O.R.A.,2004,127,8.0,,54458,
966,Sherlock Jr.,1924,45,8.2,,38560,0.98
967,The Virgin Spring,1960,89,8.1,,25495,1.53
968,The Lost Weekend,1945,101,7.9,,32395,9.46
969,Andaz Apna Apna,1994,160,8.2,,47760,
970,Nine Queens,2000,114,7.9,80.0,48282,1.22
971,Sanjuro,1962,96,8.1,,30714,
972,Jab We Met,2007,138,7.9,,45572,0.41
973,Evil,2003,113,7.8,61.0,34869,0.02
974,Adam's Apples,2005,94,7.8,51.0,44087,0.0
975,Lifeboat,1944,97,7.6,78.0,25575,
976,OMG: Oh My God!,2012,125,8.1,,48679,0.92
977,Kind Hearts and Coronets,1949,106,8.0,,33470,
978,The Triplets of Belleville,2003,80,7.8,91.0,49645,7.0
979,The Visitor,2007,104,7.6,79.0,40983,9.42
980,Knockin' on Heaven's Door,1997,87,8.0,,26713,0.0
981,Bhaag Milkha Bhaag,2013,186,8.2,,58454,1.63
982,The Edge of Heaven,2007,122,7.8,85.0,30070,0.74
983,Vampire Hunter D: Bloodlust,2000,103,7.7,62.0,28257,0.15
984,Central Station,1998,110,8.0,80.0,34906,5.6
985,Vicky Donor,2012,126,7.8,,38100,0.17
986,The Magdalene Sisters,2002,114,7.7,83.0,25405,4.89
987,Le Dîner de Cons,1998,80,7.7,73.0,36285,4.07
988,Drishyam,2013,160,8.4,,29202,
989,The Shop Around the Corner,1940,99,8.1,96.0,26392,0.2
990,La Grande Illusion,1937,113,8.1,,32878,0.17
991,A Night at the Opera,1935,96,7.9,,29729,
992,The Muppet Christmas Carol,1992,85,7.7,64.0,46082,27.28
993,Zelig,1983,79,7.7,,38845,11.8
994,Joyeux Noel,2005,116,7.7,70.0,26953,1.05
995,"Carry On, Munna Bhai",2006,144,8.1,,41268,2.22
996,And Now for Something Completely Different,1971,88,7.6,,28234,
997,Boy A,2007,102,7.6,75.0,36297,0.11
998,English Vinglish,2012,134,7.8,,32246,1.67
999,The Breath,2009,128,8.0,,30980,
